unit,age,sex,geography,date,value
RT,TOTAL,C,F,2011,205.15
RT,TOTAL,C,F,2011,206.39
RT,TOTAL,C,F,2011,170.16
RT,TOTAL,C,F,2011,177.3
RT,TOTAL,C,F,2011,149.65
RT,TOTAL,C,F,2011,232.16
RT,TOTAL,C,F,2011,209.53
RT,TOTAL,C,F,2011,270.23
RT,TOTAL,C,F,2011,213.75
RT,TOTAL,C,F,2011,170.71
RT,TOTAL,C,F,2011,162.23
RT,TOTAL,C,F,2011,201.02
RT,TOTAL,C,F,2011,205.09
RT,TOTAL,C,F,2011,183.23
RT,TOTAL,C,F,2011,179.56
RT,TOTAL,C,F,2011,245.12
RT,TOTAL,C,F,2011,268.09
RT,TOTAL,C,F,2011,250.96
RT,TOTAL,C,F,2011,220.74
RT,TOTAL,C,F,2011,195.5
RT,TOTAL,C,F,2011,222.17
RT,TOTAL,C,F,2011,199.99
RT,TOTAL,C,F,2011,207.83
RT,TOTAL,C,F,2011,217.1
RT,TOTAL,C,F,2011,200.48
RT,TOTAL,C,F,2011,246.75
RT,TOTAL,C,F,2011,215.55
RT,TOTAL,C,F,2011,220.84
RT,TOTAL,C,F,2011,172.14
RT,TOTAL,C,F,2011,190.25
RT,TOTAL,C,F,2011,229.11
RT,TOTAL,C,F,2011,204.13
RT,TOTAL,C,F,2011,236.44
RT,TOTAL,C,F,2011,231.58
RT,TOTAL,C,F,2011,122.19
RT,TOTAL,C,F,2011,240.54
RT,TOTAL,C,M,2011,336.18
RT,TOTAL,C,M,2011,358.36
RT,TOTAL,C,M,2011,310.83
RT,TOTAL,C,M,2011,309.1
RT,TOTAL,C,M,2011,252.37
RT,TOTAL,C,M,2011,407.74
RT,TOTAL,C,M,2011,346.03
RT,TOTAL,C,M,2011,387.68
RT,TOTAL,C,M,2011,461.36
RT,TOTAL,C,M,2011,338.92
RT,TOTAL,C,M,2011,357.09
RT,TOTAL,C,M,2011,366.37
RT,TOTAL,C,M,2011,363.23
RT,TOTAL,C,M,2011,296.24
RT,TOTAL,C,M,2011,357.22
RT,TOTAL,C,M,2011,494.52
RT,TOTAL,C,M,2011,501.5
RT,TOTAL,C,M,2011,369.82
RT,TOTAL,C,M,2011,316.71
RT,TOTAL,C,M,2011,356.15
RT,TOTAL,C,M,2011,289.29
RT,TOTAL,C,M,2011,442.59
RT,TOTAL,C,M,2011,362.57
RT,TOTAL,C,M,2011,472.99
RT,TOTAL,C,M,2011,314.93
RT,TOTAL,C,M,2011,382.98
RT,TOTAL,C,M,2011,339.65
RT,TOTAL,C,M,2011,423.01
RT,TOTAL,C,M,2011,353.36
RT,TOTAL,C,M,2011,368.41
RT,TOTAL,C,M,2011,393.41
RT,TOTAL,C,M,2011,290.36
RT,TOTAL,C,M,2011,458.67
RT,TOTAL,C,M,2011,476.74
RT,TOTAL,C,M,2011,287.14
RT,TOTAL,C,M,2011,352.62
RT,TOTAL,C,T,2011,256.26
RT,TOTAL,C,T,2011,267.59
RT,TOTAL,C,T,2011,229.12
RT,TOTAL,C,T,2011,229.75
RT,TOTAL,C,T,2011,194.52
RT,TOTAL,C,T,2011,301.25
RT,TOTAL,C,T,2011,263.26
RT,TOTAL,C,T,2011,317.34
RT,TOTAL,C,T,2011,294.23
RT,TOTAL,C,T,2011,244.85
RT,TOTAL,C,T,2011,244.07
RT,TOTAL,C,T,2011,267.9
RT,TOTAL,C,T,2011,269.56
RT,TOTAL,C,T,2011,225.85
RT,TOTAL,C,T,2011,252.75
RT,TOTAL,C,T,2011,341.3
RT,TOTAL,C,T,2011,357.53
RT,TOTAL,C,T,2011,298.87
RT,TOTAL,C,T,2011,262.17
RT,TOTAL,C,T,2011,260.66
RT,TOTAL,C,T,2011,248.52
RT,TOTAL,C,T,2011,284.17
RT,TOTAL,C,T,2011,267.64
RT,TOTAL,C,T,2011,300.82
RT,TOTAL,C,T,2011,246.62
RT,TOTAL,C,T,2011,300.37
RT,TOTAL,C,T,2011,264.45
RT,TOTAL,C,T,2011,297.44
RT,TOTAL,C,T,2011,246.51
RT,TOTAL,C,T,2011,265.35
RT,TOTAL,C,T,2011,299.25
RT,TOTAL,C,T,2011,238.13
RT,TOTAL,C,T,2011,318.74
RT,TOTAL,C,T,2011,325.78
RT,TOTAL,C,T,2011,193.35
RT,TOTAL,C,T,2011,285.99
RT,TOTAL,C,F,2012,206.3
RT,TOTAL,C,F,2012,197.98
RT,TOTAL,C,F,2012,183.25
RT,TOTAL,C,F,2012,178.62
RT,TOTAL,C,F,2012,148.2
RT,TOTAL,C,F,2012,232.27
RT,TOTAL,C,F,2012,206.27
RT,TOTAL,C,F,2012,272.75
RT,TOTAL,C,F,2012,209.49
RT,TOTAL,C,F,2012,172.61
RT,TOTAL,C,F,2012,159.98
RT,TOTAL,C,F,2012,200.17
RT,TOTAL,C,F,2012,204.48
RT,TOTAL,C,F,2012,182.69
RT,TOTAL,C,F,2012,179.95
RT,TOTAL,C,F,2012,241.45
RT,TOTAL,C,F,2012,271.44
RT,TOTAL,C,F,2012,240.77
RT,TOTAL,C,F,2012,228.5
RT,TOTAL,C,F,2012,194.2
RT,TOTAL,C,F,2012,173.35
RT,TOTAL,C,F,2012,192.79
RT,TOTAL,C,F,2012,214.68
RT,TOTAL,C,F,2012,218.9
RT,TOTAL,C,F,2012,210.78
RT,TOTAL,C,F,2012,241.9
RT,TOTAL,C,F,2012,215.51
RT,TOTAL,C,F,2012,224.48
RT,TOTAL,C,F,2012,168.93
RT,TOTAL,C,F,2012,191.38
RT,TOTAL,C,F,2012,233.46
RT,TOTAL,C,F,2012,207.58
RT,TOTAL,C,F,2012,227.3
RT,TOTAL,C,F,2012,233.21
RT,TOTAL,C,F,2012,122.37
RT,TOTAL,C,F,2012,242.05
RT,TOTAL,C,M,2012,333.04
RT,TOTAL,C,M,2012,351.16
RT,TOTAL,C,M,2012,339.19
RT,TOTAL,C,M,2012,295.66
RT,TOTAL,C,M,2012,278.04
RT,TOTAL,C,M,2012,398.92
RT,TOTAL,C,M,2012,338.63
RT,TOTAL,C,M,2012,380.01
RT,TOTAL,C,M,2012,466.72
RT,TOTAL,C,M,2012,344.28
RT,TOTAL,C,M,2012,356.18
RT,TOTAL,C,M,2012,363.15
RT,TOTAL,C,M,2012,360.33
RT,TOTAL,C,M,2012,289.96
RT,TOTAL,C,M,2012,350.97
RT,TOTAL,C,M,2012,486.4
RT,TOTAL,C,M,2012,504.43
RT,TOTAL,C,M,2012,355.6
RT,TOTAL,C,M,2012,290.42
RT,TOTAL,C,M,2012,351.76
RT,TOTAL,C,M,2012,230.75
RT,TOTAL,C,M,2012,441.31
RT,TOTAL,C,M,2012,339.35
RT,TOTAL,C,M,2012,486.69
RT,TOTAL,C,M,2012,326.14
RT,TOTAL,C,M,2012,382.51
RT,TOTAL,C,M,2012,328.63
RT,TOTAL,C,M,2012,423.2
RT,TOTAL,C,M,2012,353.55
RT,TOTAL,C,M,2012,374.64
RT,TOTAL,C,M,2012,392.71
RT,TOTAL,C,M,2012,288.39
RT,TOTAL,C,M,2012,436.72
RT,TOTAL,C,M,2012,461.21
RT,TOTAL,C,M,2012,285.4
RT,TOTAL,C,M,2012,352.29
RT,TOTAL,C,T,2012,255.56
RT,TOTAL,C,T,2012,260.12
RT,TOTAL,C,T,2012,248.68
RT,TOTAL,C,T,2012,225.09
RT,TOTAL,C,T,2012,205.86
RT,TOTAL,C,T,2012,298.33
RT,TOTAL,C,T,2012,259.02
RT,TOTAL,C,T,2012,315.4
RT,TOTAL,C,T,2012,291.94
RT,TOTAL,C,T,2012,248.44
RT,TOTAL,C,T,2012,242.66
RT,TOTAL,C,T,2012,266.32
RT,TOTAL,C,T,2012,268.24
RT,TOTAL,C,T,2012,223.67
RT,TOTAL,C,T,2012,250.52
RT,TOTAL,C,T,2012,336.51
RT,TOTAL,C,T,2012,361.08
RT,TOTAL,C,T,2012,287.66
RT,TOTAL,C,T,2012,254.99
RT,TOTAL,C,T,2012,258.13
RT,TOTAL,C,T,2012,191.42
RT,TOTAL,C,T,2012,278.14
RT,TOTAL,C,T,2012,265.8
RT,TOTAL,C,T,2012,305.34
RT,TOTAL,C,T,2012,254.83
RT,TOTAL,C,T,2012,297.52
RT,TOTAL,C,T,2012,259.49
RT,TOTAL,C,T,2012,299.98
RT,TOTAL,C,T,2012,244.62
RT,TOTAL,C,T,2012,268.56
RT,TOTAL,C,T,2012,301.31
RT,TOTAL,C,T,2012,239.38
RT,TOTAL,C,T,2012,305.42
RT,TOTAL,C,T,2012,319.62
RT,TOTAL,C,T,2012,193.1
RT,TOTAL,C,T,2012,286.7
RT,TOTAL,C,F,2013,198.24
RT,TOTAL,C,F,2013,200.54
RT,TOTAL,C,F,2013,175.17
RT,TOTAL,C,F,2013,176.4
RT,TOTAL,C,F,2013,151.02
RT,TOTAL,C,F,2013,223.48
RT,TOTAL,C,F,2013,205.37
RT,TOTAL,C,F,2013,258.44
RT,TOTAL,C,F,2013,207.27
RT,TOTAL,C,F,2013,175.91
RT,TOTAL,C,F,2013,160.37
RT,TOTAL,C,F,2013,197.77
RT,TOTAL,C,F,2013,201.49
RT,TOTAL,C,F,2013,182.04
RT,TOTAL,C,F,2013,176.95
RT,TOTAL,C,F,2013,242.5
RT,TOTAL,C,F,2013,268.56
RT,TOTAL,C,F,2013,243.99
RT,TOTAL,C,F,2013,221.16
RT,TOTAL,C,F,2013,189.96
RT,TOTAL,C,F,2013,254.04
RT,TOTAL,C,F,2013,192.18
RT,TOTAL,C,F,2013,196.34
RT,TOTAL,C,F,2013,215.54
RT,TOTAL,C,F,2013,186.52
RT,TOTAL,C,F,2013,233.12
RT,TOTAL,C,F,2013,210.32
RT,TOTAL,C,F,2013,219.75
RT,TOTAL,C,F,2013,167.38
RT,TOTAL,C,F,2013,194.07
RT,TOTAL,C,F,2013,228.97
RT,TOTAL,C,F,2013,207.8
RT,TOTAL,C,F,2013,234.73
RT,TOTAL,C,F,2013,234.39
RT,TOTAL,C,F,2013,128.65
RT,TOTAL,C,F,2013,236.4
RT,TOTAL,C,M,2013,329.82
RT,TOTAL,C,M,2013,345.49
RT,TOTAL,C,M,2013,344.83
RT,TOTAL,C,M,2013,294.2
RT,TOTAL,C,M,2013,266.57
RT,TOTAL,C,M,2013,389.22
RT,TOTAL,C,M,2013,336.16
RT,TOTAL,C,M,2013,365.47
RT,TOTAL,C,M,2013,468.7
RT,TOTAL,C,M,2013,345.49
RT,TOTAL,C,M,2013,346.2
RT,TOTAL,C,M,2013,355.7
RT,TOTAL,C,M,2013,352.5
RT,TOTAL,C,M,2013,288.14
RT,TOTAL,C,M,2013,343.87
RT,TOTAL,C,M,2013,477.02
RT,TOTAL,C,M,2013,487.91
RT,TOTAL,C,M,2013,349.93
RT,TOTAL,C,M,2013,290.79
RT,TOTAL,C,M,2013,339.09
RT,TOTAL,C,M,2013,241.66
RT,TOTAL,C,M,2013,424.85
RT,TOTAL,C,M,2013,315.83
RT,TOTAL,C,M,2013,476.09
RT,TOTAL,C,M,2013,294.63
RT,TOTAL,C,M,2013,362.42
RT,TOTAL,C,M,2013,317.34
RT,TOTAL,C,M,2013,410.71
RT,TOTAL,C,M,2013,350.61
RT,TOTAL,C,M,2013,374.48
RT,TOTAL,C,M,2013,391.21
RT,TOTAL,C,M,2013,282.4
RT,TOTAL,C,M,2013,445.18
RT,TOTAL,C,M,2013,476.81
RT,TOTAL,C,M,2013,308.02
RT,TOTAL,C,M,2013,343.32
RT,TOTAL,C,T,2013,249.7
RT,TOTAL,C,T,2013,259.57
RT,TOTAL,C,T,2013,246.22
RT,TOTAL,C,T,2013,223.51
RT,TOTAL,C,T,2013,202.34
RT,TOTAL,C,T,2013,289.66
RT,TOTAL,C,T,2013,257.92
RT,TOTAL,C,T,2013,301.57
RT,TOTAL,C,T,2013,291.13
RT,TOTAL,C,T,2013,250.87
RT,TOTAL,C,T,2013,238.94
RT,TOTAL,C,T,2013,262.18
RT,TOTAL,C,T,2013,263.36
RT,TOTAL,C,T,2013,223.0
RT,TOTAL,C,T,2013,246.18
RT,TOTAL,C,T,2013,333.81
RT,TOTAL,C,T,2013,352.59
RT,TOTAL,C,T,2013,286.47
RT,TOTAL,C,T,2013,252.08
RT,TOTAL,C,T,2013,250.63
RT,TOTAL,C,T,2013,248.25
RT,TOTAL,C,T,2013,272.6
RT,TOTAL,C,T,2013,243.79
RT,TOTAL,C,T,2013,300.6
RT,TOTAL,C,T,2013,230.1
RT,TOTAL,C,T,2013,284.39
RT,TOTAL,C,T,2013,252.87
RT,TOTAL,C,T,2013,292.43
RT,TOTAL,C,T,2013,242.99
RT,TOTAL,C,T,2013,269.76
RT,TOTAL,C,T,2013,297.95
RT,TOTAL,C,T,2013,236.86
RT,TOTAL,C,T,2013,314.66
RT,TOTAL,C,T,2013,327.06
RT,TOTAL,C,T,2013,206.21
RT,TOTAL,C,T,2013,280.13
RT,TOTAL,C,F,2014,202.41
RT,TOTAL,C,F,2014,195.93
RT,TOTAL,C,F,2014,178.96
RT,TOTAL,C,F,2014,173.13
RT,TOTAL,C,F,2014,140.36
RT,TOTAL,C,F,2014,219.77
RT,TOTAL,C,F,2014,202.16
RT,TOTAL,C,F,2014,258.31
RT,TOTAL,C,F,2014,217.78
RT,TOTAL,C,F,2014,173.54
RT,TOTAL,C,F,2014,155.94
RT,TOTAL,C,F,2014,196.33
RT,TOTAL,C,F,2014,200.63
RT,TOTAL,C,F,2014,178.32
RT,TOTAL,C,F,2014,178.17
RT,TOTAL,C,F,2014,247.05
RT,TOTAL,C,F,2014,266.47
RT,TOTAL,C,F,2014,248.25
RT,TOTAL,C,F,2014,221.18
RT,TOTAL,C,F,2014,187.26
RT,TOTAL,C,F,2014,192.76
RT,TOTAL,C,F,2014,188.77
RT,TOTAL,C,F,2014,193.98
RT,TOTAL,C,F,2014,211.98
RT,TOTAL,C,F,2014,176.75
RT,TOTAL,C,F,2014,232.75
RT,TOTAL,C,F,2014,211.93
RT,TOTAL,C,F,2014,222.0
RT,TOTAL,C,F,2014,166.71
RT,TOTAL,C,F,2014,194.27
RT,TOTAL,C,F,2014,232.39
RT,TOTAL,C,F,2014,203.3
RT,TOTAL,C,F,2014,223.71
RT,TOTAL,C,F,2014,239.02
RT,TOTAL,C,F,2014,126.82
RT,TOTAL,C,F,2014,234.8
RT,TOTAL,C,M,2014,320.74
RT,TOTAL,C,M,2014,333.91
RT,TOTAL,C,M,2014,333.16
RT,TOTAL,C,M,2014,289.09
RT,TOTAL,C,M,2014,274.57
RT,TOTAL,C,M,2014,382.43
RT,TOTAL,C,M,2014,328.43
RT,TOTAL,C,M,2014,363.16
RT,TOTAL,C,M,2014,466.68
RT,TOTAL,C,M,2014,344.95
RT,TOTAL,C,M,2014,337.04
RT,TOTAL,C,M,2014,349.92
RT,TOTAL,C,M,2014,349.14
RT,TOTAL,C,M,2014,283.46
RT,TOTAL,C,M,2014,339.66
RT,TOTAL,C,M,2014,474.29
RT,TOTAL,C,M,2014,478.7
RT,TOTAL,C,M,2014,346.55
RT,TOTAL,C,M,2014,307.96
RT,TOTAL,C,M,2014,332.04
RT,TOTAL,C,M,2014,222.7
RT,TOTAL,C,M,2014,441.42
RT,TOTAL,C,M,2014,356.45
RT,TOTAL,C,M,2014,476.86
RT,TOTAL,C,M,2014,308.78
RT,TOTAL,C,M,2014,356.65
RT,TOTAL,C,M,2014,315.3
RT,TOTAL,C,M,2014,405.89
RT,TOTAL,C,M,2014,350.33
RT,TOTAL,C,M,2014,381.91
RT,TOTAL,C,M,2014,386.35
RT,TOTAL,C,M,2014,282.37
RT,TOTAL,C,M,2014,424.39
RT,TOTAL,C,M,2014,463.51
RT,TOTAL,C,M,2014,302.46
RT,TOTAL,C,M,2014,341.37
RT,TOTAL,C,T,2014,249.29
RT,TOTAL,C,T,2014,252.64
RT,TOTAL,C,T,2014,242.76
RT,TOTAL,C,T,2014,219.58
RT,TOTAL,C,T,2014,200.39
RT,TOTAL,C,T,2014,284.55
RT,TOTAL,C,T,2014,253.25
RT,TOTAL,C,T,2014,300.64
RT,TOTAL,C,T,2014,299.41
RT,TOTAL,C,T,2014,249.46
RT,TOTAL,C,T,2014,232.7
RT,TOTAL,C,T,2014,259.25
RT,TOTAL,C,T,2014,261.51
RT,TOTAL,C,T,2014,218.57
RT,TOTAL,C,T,2014,245.24
RT,TOTAL,C,T,2014,336.42
RT,TOTAL,C,T,2014,348.14
RT,TOTAL,C,T,2014,287.76
RT,TOTAL,C,T,2014,258.57
RT,TOTAL,C,T,2014,246.55
RT,TOTAL,C,T,2014,202.97
RT,TOTAL,C,T,2014,276.22
RT,TOTAL,C,T,2014,260.71
RT,TOTAL,C,T,2014,299.33
RT,TOTAL,C,T,2014,232.66
RT,TOTAL,C,T,2014,282.24
RT,TOTAL,C,T,2014,252.54
RT,TOTAL,C,T,2014,292.31
RT,TOTAL,C,T,2014,242.14
RT,TOTAL,C,T,2014,273.22
RT,TOTAL,C,T,2014,298.27
RT,TOTAL,C,T,2014,234.75
RT,TOTAL,C,T,2014,299.91
RT,TOTAL,C,T,2014,324.05
RT,TOTAL,C,T,2014,202.81
RT,TOTAL,C,T,2014,278.56
RT,TOTAL,C,F,2015,194.97
RT,TOTAL,C,F,2015,194.39
RT,TOTAL,C,F,2015,179.27
RT,TOTAL,C,F,2015,175.41
RT,TOTAL,C,F,2015,159.52
RT,TOTAL,C,F,2015,216.28
RT,TOTAL,C,F,2015,202.42
RT,TOTAL,C,F,2015,250.08
RT,TOTAL,C,F,2015,213.07
RT,TOTAL,C,F,2015,174.13
RT,TOTAL,C,F,2015,155.51
RT,TOTAL,C,F,2015,196.86
RT,TOTAL,C,F,2015,200.76
RT,TOTAL,C,F,2015,177.61
RT,TOTAL,C,F,2015,179.24
RT,TOTAL,C,F,2015,243.35
RT,TOTAL,C,F,2015,267.25
RT,TOTAL,C,F,2015,231.65
RT,TOTAL,C,F,2015,224.31
RT,TOTAL,C,F,2015,188.13
RT,TOTAL,C,F,2015,157.44
RT,TOTAL,C,F,2015,198.87
RT,TOTAL,C,F,2015,202.39
RT,TOTAL,C,F,2015,219.6
RT,TOTAL,C,F,2015,182.24
RT,TOTAL,C,F,2015,234.36
RT,TOTAL,C,F,2015,203.17
RT,TOTAL,C,F,2015,228.81
RT,TOTAL,C,F,2015,166.31
RT,TOTAL,C,F,2015,197.91
RT,TOTAL,C,F,2015,226.3
RT,TOTAL,C,F,2015,200.82
RT,TOTAL,C,F,2015,233.27
RT,TOTAL,C,F,2015,237.5
RT,TOTAL,C,F,2015,125.62
RT,TOTAL,C,F,2015,231.85
RT,TOTAL,C,M,2015,314.87
RT,TOTAL,C,M,2015,329.33
RT,TOTAL,C,M,2015,330.37
RT,TOTAL,C,M,2015,289.29
RT,TOTAL,C,M,2015,266.16
RT,TOTAL,C,M,2015,373.27
RT,TOTAL,C,M,2015,324.11
RT,TOTAL,C,M,2015,355.25
RT,TOTAL,C,M,2015,472.62
RT,TOTAL,C,M,2015,345.12
RT,TOTAL,C,M,2015,332.28
RT,TOTAL,C,M,2015,347.27
RT,TOTAL,C,M,2015,346.24
RT,TOTAL,C,M,2015,284.38
RT,TOTAL,C,M,2015,337.27
RT,TOTAL,C,M,2015,481.13
RT,TOTAL,C,M,2015,471.77
RT,TOTAL,C,M,2015,336.54
RT,TOTAL,C,M,2015,275.26
RT,TOTAL,C,M,2015,325.83
RT,TOTAL,C,M,2015,232.61
RT,TOTAL,C,M,2015,449.24
RT,TOTAL,C,M,2015,284.61
RT,TOTAL,C,M,2015,449.66
RT,TOTAL,C,M,2015,284.69
RT,TOTAL,C,M,2015,357.41
RT,TOTAL,C,M,2015,310.01
RT,TOTAL,C,M,2015,428.95
RT,TOTAL,C,M,2015,349.74
RT,TOTAL,C,M,2015,381.92
RT,TOTAL,C,M,2015,391.51
RT,TOTAL,C,M,2015,277.94
RT,TOTAL,C,M,2015,435.29
RT,TOTAL,C,M,2015,453.32
RT,TOTAL,C,M,2015,295.03
RT,TOTAL,C,M,2015,337.23
RT,TOTAL,C,T,2015,243.29
RT,TOTAL,C,T,2015,249.72
RT,TOTAL,C,T,2015,241.92
RT,TOTAL,C,T,2015,221.64
RT,TOTAL,C,T,2015,206.72
RT,TOTAL,C,T,2015,278.62
RT,TOTAL,C,T,2015,252.09
RT,TOTAL,C,T,2015,292.29
RT,TOTAL,C,T,2015,299.09
RT,TOTAL,C,T,2015,249.99
RT,TOTAL,C,T,2015,230.62
RT,TOTAL,C,T,2015,258.68
RT,TOTAL,C,T,2015,260.62
RT,TOTAL,C,T,2015,218.72
RT,TOTAL,C,T,2015,245.14
RT,TOTAL,C,T,2015,335.71
RT,TOTAL,C,T,2015,345.95
RT,TOTAL,C,T,2015,274.74
RT,TOTAL,C,T,2015,244.15
RT,TOTAL,C,T,2015,244.64
RT,TOTAL,C,T,2015,191.28
RT,TOTAL,C,T,2015,285.52
RT,TOTAL,C,T,2015,239.9
RT,TOTAL,C,T,2015,293.74
RT,TOTAL,C,T,2015,224.55
RT,TOTAL,C,T,2015,283.99
RT,TOTAL,C,T,2015,245.94
RT,TOTAL,C,T,2015,304.48
RT,TOTAL,C,T,2015,241.64
RT,TOTAL,C,T,2015,275.33
RT,TOTAL,C,T,2015,297.21
RT,TOTAL,C,T,2015,231.57
RT,TOTAL,C,T,2015,310.52
RT,TOTAL,C,T,2015,320.14
RT,TOTAL,C,T,2015,198.73
RT,TOTAL,C,T,2015,275.46
RT,TOTAL,C,F,2016,192.8
RT,TOTAL,C,F,2016,190.45
RT,TOTAL,C,F,2016,172.2
RT,TOTAL,C,F,2016,174.51
RT,TOTAL,C,F,2016,145.81
RT,TOTAL,C,F,2016,214.81
RT,TOTAL,C,F,2016,204.14
RT,TOTAL,C,F,2016,255.41
RT,TOTAL,C,F,2016,210.23
RT,TOTAL,C,F,2016,178.73
RT,TOTAL,C,F,2016,155.34
RT,TOTAL,C,F,2016,196.13
RT,TOTAL,C,F,2016,200.24
RT,TOTAL,C,F,2016,179.49
RT,TOTAL,C,F,2016,179.88
RT,TOTAL,C,F,2016,240.69
RT,TOTAL,C,F,2016,262.2
RT,TOTAL,C,F,2016,240.36
RT,TOTAL,C,F,2016,245.34
RT,TOTAL,C,F,2016,184.96
RT,TOTAL,C,F,2016,194.11
RT,TOTAL,C,F,2016,197.06
RT,TOTAL,C,F,2016,179.56
RT,TOTAL,C,F,2016,211.67
RT,TOTAL,C,F,2016,184.85
RT,TOTAL,C,F,2016,236.01
RT,TOTAL,C,F,2016,205.9
RT,TOTAL,C,F,2016,224.35
RT,TOTAL,C,F,2016,168.82
RT,TOTAL,C,F,2016,198.09
RT,TOTAL,C,F,2016,232.41
RT,TOTAL,C,F,2016,198.92
RT,TOTAL,C,F,2016,228.63
RT,TOTAL,C,F,2016,233.3
RT,TOTAL,C,F,2016,124.76
RT,TOTAL,C,F,2016,232.97
RT,TOTAL,C,M,2016,302.8
RT,TOTAL,C,M,2016,326.31
RT,TOTAL,C,M,2016,318.0
RT,TOTAL,C,M,2016,277.55
RT,TOTAL,C,M,2016,254.68
RT,TOTAL,C,M,2016,370.27
RT,TOTAL,C,M,2016,324.08
RT,TOTAL,C,M,2016,349.47
RT,TOTAL,C,M,2016,448.47
RT,TOTAL,C,M,2016,338.27
RT,TOTAL,C,M,2016,329.69
RT,TOTAL,C,M,2016,343.93
RT,TOTAL,C,M,2016,342.95
RT,TOTAL,C,M,2016,282.61
RT,TOTAL,C,M,2016,332.41
RT,TOTAL,C,M,2016,477.51
RT,TOTAL,C,M,2016,478.12
RT,TOTAL,C,M,2016,328.93
RT,TOTAL,C,M,2016,304.13
RT,TOTAL,C,M,2016,321.03
RT,TOTAL,C,M,2016,204.35
RT,TOTAL,C,M,2016,438.93
RT,TOTAL,C,M,2016,314.38
RT,TOTAL,C,M,2016,466.12
RT,TOTAL,C,M,2016,270.24
RT,TOTAL,C,M,2016,358.22
RT,TOTAL,C,M,2016,299.16
RT,TOTAL,C,M,2016,417.07
RT,TOTAL,C,M,2016,355.98
RT,TOTAL,C,M,2016,386.89
RT,TOTAL,C,M,2016,387.69
RT,TOTAL,C,M,2016,274.99
RT,TOTAL,C,M,2016,436.27
RT,TOTAL,C,M,2016,448.9
RT,TOTAL,C,M,2016,294.41
RT,TOTAL,C,M,2016,334.73
RT,TOTAL,C,T,2016,237.19
RT,TOTAL,C,T,2016,246.54
RT,TOTAL,C,T,2016,232.05
RT,TOTAL,C,T,2016,216.24
RT,TOTAL,C,T,2016,193.8
RT,TOTAL,C,T,2016,277.03
RT,TOTAL,C,T,2016,253.22
RT,TOTAL,C,T,2016,293.56
RT,TOTAL,C,T,2016,287.6
RT,TOTAL,C,T,2016,249.45
RT,TOTAL,C,T,2016,229.8
RT,TOTAL,C,T,2016,257.06
RT,TOTAL,C,T,2016,259.14
RT,TOTAL,C,T,2016,219.72
RT,TOTAL,C,T,2016,243.45
RT,TOTAL,C,T,2016,333.86
RT,TOTAL,C,T,2016,345.33
RT,TOTAL,C,T,2016,277.21
RT,TOTAL,C,T,2016,269.79
RT,TOTAL,C,T,2016,241.03
RT,TOTAL,C,T,2016,197.37
RT,TOTAL,C,T,2016,280.66
RT,TOTAL,C,T,2016,235.45
RT,TOTAL,C,T,2016,294.61
RT,TOTAL,C,T,2016,220.95
RT,TOTAL,C,T,2016,285.05
RT,TOTAL,C,T,2016,242.76
RT,TOTAL,C,T,2016,297.42
RT,TOTAL,C,T,2016,245.79
RT,TOTAL,C,T,2016,277.32
RT,TOTAL,C,T,2016,298.52
RT,TOTAL,C,T,2016,229.4
RT,TOTAL,C,T,2016,308.51
RT,TOTAL,C,T,2016,315.13
RT,TOTAL,C,T,2016,198.26
RT,TOTAL,C,T,2016,275.24
RT,TOTAL,C,F,2017,187.07
RT,TOTAL,C,F,2017,188.59
RT,TOTAL,C,F,2017,172.04
RT,TOTAL,C,F,2017,169.9
RT,TOTAL,C,F,2017,159.61
RT,TOTAL,C,F,2017,209.83
RT,TOTAL,C,F,2017,200.31
RT,TOTAL,C,F,2017,242.98
RT,TOTAL,C,F,2017,207.65
RT,TOTAL,C,F,2017,171.61
RT,TOTAL,C,F,2017,155.07
RT,TOTAL,C,F,2017,
RT,TOTAL,C,F,2017,
RT,TOTAL,C,F,2017,176.85
RT,TOTAL,C,F,2017,
RT,TOTAL,C,F,2017,236.49
RT,TOTAL,C,F,2017,263.0
RT,TOTAL,C,F,2017,228.54
RT,TOTAL,C,F,2017,211.73
RT,TOTAL,C,F,2017,184.15
RT,TOTAL,C,F,2017,157.56
RT,TOTAL,C,F,2017,193.69
RT,TOTAL,C,F,2017,201.74
RT,TOTAL,C,F,2017,212.85
RT,TOTAL,C,F,2017,177.08
RT,TOTAL,C,F,2017,227.69
RT,TOTAL,C,F,2017,203.3
RT,TOTAL,C,F,2017,222.37
RT,TOTAL,C,F,2017,166.74
RT,TOTAL,C,F,2017,198.43
RT,TOTAL,C,F,2017,233.01
RT,TOTAL,C,F,2017,202.26
RT,TOTAL,C,F,2017,230.66
RT,TOTAL,C,F,2017,231.37
RT,TOTAL,C,F,2017,121.72
RT,TOTAL,C,F,2017,228.55
RT,TOTAL,C,M,2017,303.39
RT,TOTAL,C,M,2017,309.07
RT,TOTAL,C,M,2017,319.0
RT,TOTAL,C,M,2017,274.98
RT,TOTAL,C,M,2017,269.95
RT,TOTAL,C,M,2017,367.78
RT,TOTAL,C,M,2017,312.64
RT,TOTAL,C,M,2017,343.48
RT,TOTAL,C,M,2017,449.29
RT,TOTAL,C,M,2017,337.92
RT,TOTAL,C,M,2017,323.11
RT,TOTAL,C,M,2017,
RT,TOTAL,C,M,2017,
RT,TOTAL,C,M,2017,278.74
RT,TOTAL,C,M,2017,
RT,TOTAL,C,M,2017,454.08
RT,TOTAL,C,M,2017,467.62
RT,TOTAL,C,M,2017,317.87
RT,TOTAL,C,M,2017,266.17
RT,TOTAL,C,M,2017,314.65
RT,TOTAL,C,M,2017,214.74
RT,TOTAL,C,M,2017,428.2
RT,TOTAL,C,M,2017,290.92
RT,TOTAL,C,M,2017,473.14
RT,TOTAL,C,M,2017,283.0
RT,TOTAL,C,M,2017,348.01
RT,TOTAL,C,M,2017,293.47
RT,TOTAL,C,M,2017,401.28
RT,TOTAL,C,M,2017,354.17
RT,TOTAL,C,M,2017,381.45
RT,TOTAL,C,M,2017,379.25
RT,TOTAL,C,M,2017,271.26
RT,TOTAL,C,M,2017,422.18
RT,TOTAL,C,M,2017,440.47
RT,TOTAL,C,M,2017,283.71
RT,TOTAL,C,M,2017,329.76
RT,TOTAL,C,T,2017,234.3
RT,TOTAL,C,T,2017,238.25
RT,TOTAL,C,T,2017,232.42
RT,TOTAL,C,T,2017,212.58
RT,TOTAL,C,T,2017,208.47
RT,TOTAL,C,T,2017,272.89
RT,TOTAL,C,T,2017,246.53
RT,TOTAL,C,T,2017,284.68
RT,TOTAL,C,T,2017,286.78
RT,TOTAL,C,T,2017,245.36
RT,TOTAL,C,T,2017,226.6
RT,TOTAL,C,T,2017,
RT,TOTAL,C,T,2017,
RT,TOTAL,C,T,2017,216.9
RT,TOTAL,C,T,2017,
RT,TOTAL,C,T,2017,321.84
RT,TOTAL,C,T,2017,341.03
RT,TOTAL,C,T,2017,266.57
RT,TOTAL,C,T,2017,234.16
RT,TOTAL,C,T,2017,237.84
RT,TOTAL,C,T,2017,182.72
RT,TOTAL,C,T,2017,273.64
RT,TOTAL,C,T,2017,235.11
RT,TOTAL,C,T,2017,297.88
RT,TOTAL,C,T,2017,221.14
RT,TOTAL,C,T,2017,276.65
RT,TOTAL,C,T,2017,239.13
RT,TOTAL,C,T,2017,290.5
RT,TOTAL,C,T,2017,243.39
RT,TOTAL,C,T,2017,275.5
RT,TOTAL,C,T,2017,295.5
RT,TOTAL,C,T,2017,229.55
RT,TOTAL,C,T,2017,304.76
RT,TOTAL,C,T,2017,311.36
RT,TOTAL,C,T,2017,191.89
RT,TOTAL,C,T,2017,270.94
RT,TOTAL,C,F,2018,187.97
RT,TOTAL,C,F,2018,181.09
RT,TOTAL,C,F,2018,172.48
RT,TOTAL,C,F,2018,168.25
RT,TOTAL,C,F,2018,164.45
RT,TOTAL,C,F,2018,213.06
RT,TOTAL,C,F,2018,199.57
RT,TOTAL,C,F,2018,239.45
RT,TOTAL,C,F,2018,208.69
RT,TOTAL,C,F,2018,170.69
RT,TOTAL,C,F,2018,151.38
RT,TOTAL,C,F,2018,
RT,TOTAL,C,F,2018,
RT,TOTAL,C,F,2018,173.97
RT,TOTAL,C,F,2018,
RT,TOTAL,C,F,2018,231.24
RT,TOTAL,C,F,2018,258.25
RT,TOTAL,C,F,2018,224.1
RT,TOTAL,C,F,2018,202.76
RT,TOTAL,C,F,2018,182.7
RT,TOTAL,C,F,2018,117.61
RT,TOTAL,C,F,2018,190.74
RT,TOTAL,C,F,2018,184.4
RT,TOTAL,C,F,2018,215.75
RT,TOTAL,C,F,2018,196.86
RT,TOTAL,C,F,2018,224.17
RT,TOTAL,C,F,2018,201.67
RT,TOTAL,C,F,2018,223.66
RT,TOTAL,C,F,2018,166.63
RT,TOTAL,C,F,2018,197.97
RT,TOTAL,C,F,2018,233.2
RT,TOTAL,C,F,2018,192.74
RT,TOTAL,C,F,2018,238.32
RT,TOTAL,C,F,2018,231.92
RT,TOTAL,C,F,2018,122.57
RT,TOTAL,C,F,2018,223.99
RT,TOTAL,C,M,2018,299.23
RT,TOTAL,C,M,2018,298.79
RT,TOTAL,C,M,2018,319.98
RT,TOTAL,C,M,2018,267.73
RT,TOTAL,C,M,2018,256.11
RT,TOTAL,C,M,2018,359.05
RT,TOTAL,C,M,2018,311.49
RT,TOTAL,C,M,2018,337.41
RT,TOTAL,C,M,2018,462.09
RT,TOTAL,C,M,2018,330.73
RT,TOTAL,C,M,2018,316.15
RT,TOTAL,C,M,2018,
RT,TOTAL,C,M,2018,
RT,TOTAL,C,M,2018,269.69
RT,TOTAL,C,M,2018,
RT,TOTAL,C,M,2018,464.8
RT,TOTAL,C,M,2018,457.29
RT,TOTAL,C,M,2018,312.36
RT,TOTAL,C,M,2018,250.82
RT,TOTAL,C,M,2018,308.08
RT,TOTAL,C,M,2018,226.12
RT,TOTAL,C,M,2018,426.18
RT,TOTAL,C,M,2018,279.97
RT,TOTAL,C,M,2018,457.74
RT,TOTAL,C,M,2018,292.91
RT,TOTAL,C,M,2018,335.05
RT,TOTAL,C,M,2018,284.14
RT,TOTAL,C,M,2018,400.53
RT,TOTAL,C,M,2018,353.54
RT,TOTAL,C,M,2018,376.36
RT,TOTAL,C,M,2018,380.05
RT,TOTAL,C,M,2018,264.53
RT,TOTAL,C,M,2018,423.62
RT,TOTAL,C,M,2018,436.89
RT,TOTAL,C,M,2018,278.38
RT,TOTAL,C,M,2018,319.97
RT,TOTAL,C,T,2018,234.02
RT,TOTAL,C,T,2018,229.82
RT,TOTAL,C,T,2018,232.5
RT,TOTAL,C,T,2018,209.26
RT,TOTAL,C,T,2018,204.56
RT,TOTAL,C,T,2018,272.08
RT,TOTAL,C,T,2018,245.93
RT,TOTAL,C,T,2018,279.8
RT,TOTAL,C,T,2018,292.27
RT,TOTAL,C,T,2018,241.68
RT,TOTAL,C,T,2018,221.85
RT,TOTAL,C,T,2018,
RT,TOTAL,C,T,2018,
RT,TOTAL,C,T,2018,212.76
RT,TOTAL,C,T,2018,
RT,TOTAL,C,T,2018,323.86
RT,TOTAL,C,T,2018,335.64
RT,TOTAL,C,T,2018,262.08
RT,TOTAL,C,T,2018,222.38
RT,TOTAL,C,T,2018,234.68
RT,TOTAL,C,T,2018,172.12
RT,TOTAL,C,T,2018,272.73
RT,TOTAL,C,T,2018,225.31
RT,TOTAL,C,T,2018,293.86
RT,TOTAL,C,T,2018,237.28
RT,TOTAL,C,T,2018,269.73
RT,TOTAL,C,T,2018,234.92
RT,TOTAL,C,T,2018,291.22
RT,TOTAL,C,T,2018,243.32
RT,TOTAL,C,T,2018,272.92
RT,TOTAL,C,T,2018,295.98
RT,TOTAL,C,T,2018,221.31
RT,TOTAL,C,T,2018,309.31
RT,TOTAL,C,T,2018,310.64
RT,TOTAL,C,T,2018,190.26
RT,TOTAL,C,T,2018,264.33
